--
-- PostgreSQL database dump
--

-- Dumped from database version 14.5
-- Dumped by pg_dump version 14.6 (Homebrew)

SET statement_timeout = 0;
SET lock_timeout = 0;
SET idle_in_transaction_session_timeout = 0;
SET client_encoding = 'UTF8';
SET standard_conforming_strings = on;
SELECT pg_catalog.set_config('search_path', '', false);
SET check_function_bodies = false;
SET xmloption = content;
SET client_min_messages = warning;
SET row_security = off;

SET default_tablespace = '';

SET default_table_access_method = heap;

--
-- Name: accounts_customer; Type: TABLE; Schema: public; Owner: awspostgres
--

CREATE TABLE public.accounts_customer (
    id integer NOT NULL,
    name character varying(200),
    phone character varying(200),
    email character varying(200),
    date_created timestamp with time zone NOT NULL
);


ALTER TABLE public.accounts_customer OWNER TO awspostgres;

--
-- Name: accounts_customer_id_seq; Type: SEQUENCE; Schema: public; Owner: awspostgres
--

ALTER TABLE public.accounts_customer ALTER COLUMN id ADD GENERATED BY DEFAULT AS IDENTITY (
    SEQUENCE NAME public.accounts_customer_id_seq
    START WITH 1
    INCREMENT BY 1
    NO MINVALUE
    NO MAXVALUE
    CACHE 1
);


--
-- Name: accounts_order; Type: TABLE; Schema: public; Owner: awspostgres
--

CREATE TABLE public.accounts_order (
    id integer NOT NULL,
    date_created timestamp with time zone NOT NULL,
    status character varying(200),
    customer_id integer,
    product_id integer
);


ALTER TABLE public.accounts_order OWNER TO awspostgres;

--
-- Name: accounts_order_id_seq; Type: SEQUENCE; Schema: public; Owner: awspostgres
--

ALTER TABLE public.accounts_order ALTER COLUMN id ADD GENERATED BY DEFAULT AS IDENTITY (
    SEQUENCE NAME public.accounts_order_id_seq
    START WITH 1
    INCREMENT BY 1
    NO MINVALUE
    NO MAXVALUE
    CACHE 1
);


--
-- Name: accounts_product; Type: TABLE; Schema: public; Owner: awspostgres
--

CREATE TABLE public.accounts_product (
    id integer NOT NULL,
    name character varying(200),
    price double precision,
    category character varying(200),
    description character varying(200),
    date_created timestamp with time zone NOT NULL
);


ALTER TABLE public.accounts_product OWNER TO awspostgres;

--
-- Name: accounts_product_id_seq; Type: SEQUENCE; Schema: public; Owner: awspostgres
--

ALTER TABLE public.accounts_product ALTER COLUMN id ADD GENERATED BY DEFAULT AS IDENTITY (
    SEQUENCE NAME public.accounts_product_id_seq
    START WITH 1
    INCREMENT BY 1
    NO MINVALUE
    NO MAXVALUE
    CACHE 1
);


--
-- Name: accounts_product_tags; Type: TABLE; Schema: public; Owner: awspostgres
--

CREATE TABLE public.accounts_product_tags (
    id integer NOT NULL,
    product_id integer NOT NULL,
    tag_id integer NOT NULL
);


ALTER TABLE public.accounts_product_tags OWNER TO awspostgres;

--
-- Name: accounts_product_tags_id_seq; Type: SEQUENCE; Schema: public; Owner: awspostgres
--

ALTER TABLE public.accounts_product_tags ALTER COLUMN id ADD GENERATED BY DEFAULT AS IDENTITY (
    SEQUENCE NAME public.accounts_product_tags_id_seq
    START WITH 1
    INCREMENT BY 1
    NO MINVALUE
    NO MAXVALUE
    CACHE 1
);


--
-- Name: accounts_tag; Type: TABLE; Schema: public; Owner: awspostgres
--

CREATE TABLE public.accounts_tag (
    id integer NOT NULL,
    name character varying(200)
);


ALTER TABLE public.accounts_tag OWNER TO awspostgres;

--
-- Name: accounts_tag_id_seq; Type: SEQUENCE; Schema: public; Owner: awspostgres
--

ALTER TABLE public.accounts_tag ALTER COLUMN id ADD GENERATED BY DEFAULT AS IDENTITY (
    SEQUENCE NAME public.accounts_tag_id_seq
    START WITH 1
    INCREMENT BY 1
    NO MINVALUE
    NO MAXVALUE
    CACHE 1
);


--
-- Name: auth_group; Type: TABLE; Schema: public; Owner: awspostgres
--

CREATE TABLE public.auth_group (
    id integer NOT NULL,
    name character varying(150) NOT NULL
);


ALTER TABLE public.auth_group OWNER TO awspostgres;

--
-- Name: auth_group_id_seq; Type: SEQUENCE; Schema: public; Owner: awspostgres
--

ALTER TABLE public.auth_group ALTER COLUMN id ADD GENERATED BY DEFAULT AS IDENTITY (
    SEQUENCE NAME public.auth_group_id_seq
    START WITH 1
    INCREMENT BY 1
    NO MINVALUE
    NO MAXVALUE
    CACHE 1
);


--
-- Name: auth_group_permissions; Type: TABLE; Schema: public; Owner: awspostgres
--

CREATE TABLE public.auth_group_permissions (
    id integer NOT NULL,
    group_id integer NOT NULL,
    permission_id integer NOT NULL
);


ALTER TABLE public.auth_group_permissions OWNER TO awspostgres;

--
-- Name: auth_group_permissions_id_seq; Type: SEQUENCE; Schema: public; Owner: awspostgres
--

ALTER TABLE public.auth_group_permissions ALTER COLUMN id ADD GENERATED BY DEFAULT AS IDENTITY (
    SEQUENCE NAME public.auth_group_permissions_id_seq
    START WITH 1
    INCREMENT BY 1
    NO MINVALUE
    NO MAXVALUE
    CACHE 1
);


--
-- Name: auth_permission; Type: TABLE; Schema: public; Owner: awspostgres
--

CREATE TABLE public.auth_permission (
    id integer NOT NULL,
    name character varying(255) NOT NULL,
    content_type_id integer NOT NULL,
    codename character varying(100) NOT NULL
);


ALTER TABLE public.auth_permission OWNER TO awspostgres;

--
-- Name: auth_permission_id_seq; Type: SEQUENCE; Schema: public; Owner: awspostgres
--

ALTER TABLE public.auth_permission ALTER COLUMN id ADD GENERATED BY DEFAULT AS IDENTITY (
    SEQUENCE NAME public.auth_permission_id_seq
    START WITH 1
    INCREMENT BY 1
    NO MINVALUE
    NO MAXVALUE
    CACHE 1
);


--
-- Name: auth_user; Type: TABLE; Schema: public; Owner: awspostgres
--

CREATE TABLE public.auth_user (
    id integer NOT NULL,
    password character varying(128) NOT NULL,
    last_login timestamp with time zone,
    is_superuser boolean NOT NULL,
    username character varying(150) NOT NULL,
    first_name character varying(150) NOT NULL,
    last_name character varying(150) NOT NULL,
    email character varying(254) NOT NULL,
    is_staff boolean NOT NULL,
    is_active boolean NOT NULL,
    date_joined timestamp with time zone NOT NULL
);


ALTER TABLE public.auth_user OWNER TO awspostgres;

--
-- Name: auth_user_groups; Type: TABLE; Schema: public; Owner: awspostgres
--

CREATE TABLE public.auth_user_groups (
    id integer NOT NULL,
    user_id integer NOT NULL,
    group_id integer NOT NULL
);


ALTER TABLE public.auth_user_groups OWNER TO awspostgres;

--
-- Name: auth_user_groups_id_seq; Type: SEQUENCE; Schema: public; Owner: awspostgres
--

ALTER TABLE public.auth_user_groups ALTER COLUMN id ADD GENERATED BY DEFAULT AS IDENTITY (
    SEQUENCE NAME public.auth_user_groups_id_seq
    START WITH 1
    INCREMENT BY 1
    NO MINVALUE
    NO MAXVALUE
    CACHE 1
);


--
-- Name: auth_user_id_seq; Type: SEQUENCE; Schema: public; Owner: awspostgres
--

ALTER TABLE public.auth_user ALTER COLUMN id ADD GENERATED BY DEFAULT AS IDENTITY (
    SEQUENCE NAME public.auth_user_id_seq
    START WITH 1
    INCREMENT BY 1
    NO MINVALUE
    NO MAXVALUE
    CACHE 1
);


--
-- Name: auth_user_user_permissions; Type: TABLE; Schema: public; Owner: awspostgres
--

CREATE TABLE public.auth_user_user_permissions (
    id integer NOT NULL,
    user_id integer NOT NULL,
    permission_id integer NOT NULL
);


ALTER TABLE public.auth_user_user_permissions OWNER TO awspostgres;

--
-- Name: auth_user_user_permissions_id_seq; Type: SEQUENCE; Schema: public; Owner: awspostgres
--

ALTER TABLE public.auth_user_user_permissions ALTER COLUMN id ADD GENERATED BY DEFAULT AS IDENTITY (
    SEQUENCE NAME public.auth_user_user_permissions_id_seq
    START WITH 1
    INCREMENT BY 1
    NO MINVALUE
    NO MAXVALUE
    CACHE 1
);


--
-- Name: django_admin_log; Type: TABLE; Schema: public; Owner: awspostgres
--

CREATE TABLE public.django_admin_log (
    id integer NOT NULL,
    action_time timestamp with time zone NOT NULL,
    object_id text,
    object_repr character varying(200) NOT NULL,
    action_flag smallint NOT NULL,
    change_message text NOT NULL,
    content_type_id integer,
    user_id integer NOT NULL,
    CONSTRAINT django_admin_log_action_flag_check CHECK ((action_flag >= 0))
);


ALTER TABLE public.django_admin_log OWNER TO awspostgres;

--
-- Name: django_admin_log_id_seq; Type: SEQUENCE; Schema: public; Owner: awspostgres
--

ALTER TABLE public.django_admin_log ALTER COLUMN id ADD GENERATED BY DEFAULT AS IDENTITY (
    SEQUENCE NAME public.django_admin_log_id_seq
    START WITH 1
    INCREMENT BY 1
    NO MINVALUE
    NO MAXVALUE
    CACHE 1
);


--
-- Name: django_celery_beat_clockedschedule; Type: TABLE; Schema: public; Owner: awspostgres
--

CREATE TABLE public.django_celery_beat_clockedschedule (
    id integer NOT NULL,
    clocked_time timestamp with time zone NOT NULL
);


ALTER TABLE public.django_celery_beat_clockedschedule OWNER TO awspostgres;

--
-- Name: django_celery_beat_clockedschedule_id_seq; Type: SEQUENCE; Schema: public; Owner: awspostgres
--

ALTER TABLE public.django_celery_beat_clockedschedule ALTER COLUMN id ADD GENERATED BY DEFAULT AS IDENTITY (
    SEQUENCE NAME public.django_celery_beat_clockedschedule_id_seq
    START WITH 1
    INCREMENT BY 1
    NO MINVALUE
    NO MAXVALUE
    CACHE 1
);


--
-- Name: django_celery_beat_crontabschedule; Type: TABLE; Schema: public; Owner: awspostgres
--

CREATE TABLE public.django_celery_beat_crontabschedule (
    id integer NOT NULL,
    minute character varying(240) NOT NULL,
    hour character varying(96) NOT NULL,
    day_of_week character varying(64) NOT NULL,
    day_of_month character varying(124) NOT NULL,
    month_of_year character varying(64) NOT NULL,
    timezone character varying(63) NOT NULL
);


ALTER TABLE public.django_celery_beat_crontabschedule OWNER TO awspostgres;

--
-- Name: django_celery_beat_crontabschedule_id_seq; Type: SEQUENCE; Schema: public; Owner: awspostgres
--

ALTER TABLE public.django_celery_beat_crontabschedule ALTER COLUMN id ADD GENERATED BY DEFAULT AS IDENTITY (
    SEQUENCE NAME public.django_celery_beat_crontabschedule_id_seq
    START WITH 1
    INCREMENT BY 1
    NO MINVALUE
    NO MAXVALUE
    CACHE 1
);


--
-- Name: django_celery_beat_intervalschedule; Type: TABLE; Schema: public; Owner: awspostgres
--

CREATE TABLE public.django_celery_beat_intervalschedule (
    id integer NOT NULL,
    every integer NOT NULL,
    period character varying(24) NOT NULL
);


ALTER TABLE public.django_celery_beat_intervalschedule OWNER TO awspostgres;

--
-- Name: django_celery_beat_intervalschedule_id_seq; Type: SEQUENCE; Schema: public; Owner: awspostgres
--

ALTER TABLE public.django_celery_beat_intervalschedule ALTER COLUMN id ADD GENERATED BY DEFAULT AS IDENTITY (
    SEQUENCE NAME public.django_celery_beat_intervalschedule_id_seq
    START WITH 1
    INCREMENT BY 1
    NO MINVALUE
    NO MAXVALUE
    CACHE 1
);


--
-- Name: django_celery_beat_periodictask; Type: TABLE; Schema: public; Owner: awspostgres
--

CREATE TABLE public.django_celery_beat_periodictask (
    id integer NOT NULL,
    name character varying(200) NOT NULL,
    task character varying(200) NOT NULL,
    args text NOT NULL,
    kwargs text NOT NULL,
    queue character varying(200),
    exchange character varying(200),
    routing_key character varying(200),
    expires timestamp with time zone,
    enabled boolean NOT NULL,
    last_run_at timestamp with time zone,
    total_run_count integer NOT NULL,
    date_changed timestamp with time zone NOT NULL,
    description text NOT NULL,
    crontab_id integer,
    interval_id integer,
    solar_id integer,
    one_off boolean NOT NULL,
    start_time timestamp with time zone,
    priority integer,
    headers text NOT NULL,
    clocked_id integer,
    expire_seconds integer,
    CONSTRAINT django_celery_beat_periodictask_expire_seconds_check CHECK ((expire_seconds >= 0)),
    CONSTRAINT django_celery_beat_periodictask_priority_check CHECK ((priority >= 0)),
    CONSTRAINT django_celery_beat_periodictask_total_run_count_check CHECK ((total_run_count >= 0))
);


ALTER TABLE public.django_celery_beat_periodictask OWNER TO awspostgres;

--
-- Name: django_celery_beat_periodictask_id_seq; Type: SEQUENCE; Schema: public; Owner: awspostgres
--

ALTER TABLE public.django_celery_beat_periodictask ALTER COLUMN id ADD GENERATED BY DEFAULT AS IDENTITY (
    SEQUENCE NAME public.django_celery_beat_periodictask_id_seq
    START WITH 1
    INCREMENT BY 1
    NO MINVALUE
    NO MAXVALUE
    CACHE 1
);


--
-- Name: django_celery_beat_periodictasks; Type: TABLE; Schema: public; Owner: awspostgres
--

CREATE TABLE public.django_celery_beat_periodictasks (
    ident smallint NOT NULL,
    last_update timestamp with time zone NOT NULL
);


ALTER TABLE public.django_celery_beat_periodictasks OWNER TO awspostgres;

--
-- Name: django_celery_beat_solarschedule; Type: TABLE; Schema: public; Owner: awspostgres
--

CREATE TABLE public.django_celery_beat_solarschedule (
    id integer NOT NULL,
    event character varying(24) NOT NULL,
    latitude numeric(9,6) NOT NULL,
    longitude numeric(9,6) NOT NULL
);


ALTER TABLE public.django_celery_beat_solarschedule OWNER TO awspostgres;

--
-- Name: django_celery_beat_solarschedule_id_seq; Type: SEQUENCE; Schema: public; Owner: awspostgres
--

ALTER TABLE public.django_celery_beat_solarschedule ALTER COLUMN id ADD GENERATED BY DEFAULT AS IDENTITY (
    SEQUENCE NAME public.django_celery_beat_solarschedule_id_seq
    START WITH 1
    INCREMENT BY 1
    NO MINVALUE
    NO MAXVALUE
    CACHE 1
);


--
-- Name: django_celery_results_chordcounter; Type: TABLE; Schema: public; Owner: awspostgres
--

CREATE TABLE public.django_celery_results_chordcounter (
    id integer NOT NULL,
    group_id character varying(255) NOT NULL,
    sub_tasks text NOT NULL,
    count integer NOT NULL,
    CONSTRAINT django_celery_results_chordcounter_count_check CHECK ((count >= 0))
);


ALTER TABLE public.django_celery_results_chordcounter OWNER TO awspostgres;

--
-- Name: django_celery_results_chordcounter_id_seq; Type: SEQUENCE; Schema: public; Owner: awspostgres
--

ALTER TABLE public.django_celery_results_chordcounter ALTER COLUMN id ADD GENERATED BY DEFAULT AS IDENTITY (
    SEQUENCE NAME public.django_celery_results_chordcounter_id_seq
    START WITH 1
    INCREMENT BY 1
    NO MINVALUE
    NO MAXVALUE
    CACHE 1
);


--
-- Name: django_celery_results_groupresult; Type: TABLE; Schema: public; Owner: awspostgres
--

CREATE TABLE public.django_celery_results_groupresult (
    id integer NOT NULL,
    group_id character varying(255) NOT NULL,
    date_created timestamp with time zone NOT NULL,
    date_done timestamp with time zone NOT NULL,
    content_type character varying(128) NOT NULL,
    content_encoding character varying(64) NOT NULL,
    result text
);


ALTER TABLE public.django_celery_results_groupresult OWNER TO awspostgres;

--
-- Name: django_celery_results_groupresult_id_seq; Type: SEQUENCE; Schema: public; Owner: awspostgres
--

ALTER TABLE public.django_celery_results_groupresult ALTER COLUMN id ADD GENERATED BY DEFAULT AS IDENTITY (
    SEQUENCE NAME public.django_celery_results_groupresult_id_seq
    START WITH 1
    INCREMENT BY 1
    NO MINVALUE
    NO MAXVALUE
    CACHE 1
);


--
-- Name: django_celery_results_taskresult; Type: TABLE; Schema: public; Owner: awspostgres
--

CREATE TABLE public.django_celery_results_taskresult (
    id integer NOT NULL,
    task_id character varying(255) NOT NULL,
    status character varying(50) NOT NULL,
    content_type character varying(128) NOT NULL,
    content_encoding character varying(64) NOT NULL,
    result text,
    date_done timestamp with time zone NOT NULL,
    traceback text,
    meta text,
    task_args text,
    task_kwargs text,
    task_name character varying(255),
    worker character varying(100),
    date_created timestamp with time zone NOT NULL,
    periodic_task_name character varying(255)
);


ALTER TABLE public.django_celery_results_taskresult OWNER TO awspostgres;

--
-- Name: django_celery_results_taskresult_id_seq; Type: SEQUENCE; Schema: public; Owner: awspostgres
--

ALTER TABLE public.django_celery_results_taskresult ALTER COLUMN id ADD GENERATED BY DEFAULT AS IDENTITY (
    SEQUENCE NAME public.django_celery_results_taskresult_id_seq
    START WITH 1
    INCREMENT BY 1
    NO MINVALUE
    NO MAXVALUE
    CACHE 1
);


--
-- Name: django_content_type; Type: TABLE; Schema: public; Owner: awspostgres
--

CREATE TABLE public.django_content_type (
    id integer NOT NULL,
    app_label character varying(100) NOT NULL,
    model character varying(100) NOT NULL
);


ALTER TABLE public.django_content_type OWNER TO awspostgres;

--
-- Name: django_content_type_id_seq; Type: SEQUENCE; Schema: public; Owner: awspostgres
--

ALTER TABLE public.django_content_type ALTER COLUMN id ADD GENERATED BY DEFAULT AS IDENTITY (
    SEQUENCE NAME public.django_content_type_id_seq
    START WITH 1
    INCREMENT BY 1
    NO MINVALUE
    NO MAXVALUE
    CACHE 1
);


--
-- Name: django_migrations; Type: TABLE; Schema: public; Owner: awspostgres
--

CREATE TABLE public.django_migrations (
    id integer NOT NULL,
    app character varying(255) NOT NULL,
    name character varying(255) NOT NULL,
    applied timestamp with time zone NOT NULL
);


ALTER TABLE public.django_migrations OWNER TO awspostgres;

--
-- Name: django_migrations_id_seq; Type: SEQUENCE; Schema: public; Owner: awspostgres
--

ALTER TABLE public.django_migrations ALTER COLUMN id ADD GENERATED BY DEFAULT AS IDENTITY (
    SEQUENCE NAME public.django_migrations_id_seq
    START WITH 1
    INCREMENT BY 1
    NO MINVALUE
    NO MAXVALUE
    CACHE 1
);


--
-- Name: django_session; Type: TABLE; Schema: public; Owner: awspostgres
--

CREATE TABLE public.django_session (
    session_key character varying(40) NOT NULL,
    session_data text NOT NULL,
    expire_date timestamp with time zone NOT NULL
);


ALTER TABLE public.django_session OWNER TO awspostgres;

--
-- Data for Name: accounts_customer; Type: TABLE DATA; Schema: public; Owner: awspostgres
--

COPY public.accounts_customer (id, name, phone, email, date_created) FROM stdin;
1	John Doe	09185473892	johndoe@email.com	2023-01-16 07:04:27.820318+00
2	Peter Piper	09170932345	peterpiper@email.com	2023-01-16 07:04:58.166816+00
\.


--
-- Data for Name: accounts_order; Type: TABLE DATA; Schema: public; Owner: awspostgres
--

COPY public.accounts_order (id, date_created, status, customer_id, product_id) FROM stdin;
1	2023-01-16 07:08:36.682063+00	Pending	2	2
2	2023-01-16 07:08:46.557701+00	Pending	2	1
3	2023-01-16 07:09:06.042206+00	Pending	1	3
4	2023-01-16 07:24:22.098488+00	Delivered	1	1
\.


--
-- Data for Name: accounts_product; Type: TABLE DATA; Schema: public; Owner: awspostgres
--

COPY public.accounts_product (id, name, price, category, description, date_created) FROM stdin;
1	BBQ Grill	200	Out Door	\N	2023-01-16 07:06:51.291097+00
2	Ball	30	Out Door	\N	2023-01-16 07:07:52.570969+00
3	Dishes	30	Indoor	\N	2023-01-16 07:08:14.522213+00
\.


--
-- Data for Name: accounts_product_tags; Type: TABLE DATA; Schema: public; Owner: awspostgres
--

COPY public.accounts_product_tags (id, product_id, tag_id) FROM stdin;
1	1	2
2	1	3
3	2	1
4	2	2
5	3	3
\.


--
-- Data for Name: accounts_tag; Type: TABLE DATA; Schema: public; Owner: awspostgres
--

COPY public.accounts_tag (id, name) FROM stdin;
1	Sports
2	Summer
3	Kitchen
\.


--
-- Data for Name: auth_group; Type: TABLE DATA; Schema: public; Owner: awspostgres
--

COPY public.auth_group (id, name) FROM stdin;
\.


--
-- Data for Name: auth_group_permissions; Type: TABLE DATA; Schema: public; Owner: awspostgres
--

COPY public.auth_group_permissions (id, group_id, permission_id) FROM stdin;
\.


--
-- Data for Name: auth_permission; Type: TABLE DATA; Schema: public; Owner: awspostgres
--

COPY public.auth_permission (id, name, content_type_id, codename) FROM stdin;
1	Can add log entry	1	add_logentry
2	Can change log entry	1	change_logentry
3	Can delete log entry	1	delete_logentry
4	Can view log entry	1	view_logentry
5	Can add permission	2	add_permission
6	Can change permission	2	change_permission
7	Can delete permission	2	delete_permission
8	Can view permission	2	view_permission
9	Can add group	3	add_group
10	Can change group	3	change_group
11	Can delete group	3	delete_group
12	Can view group	3	view_group
13	Can add user	4	add_user
14	Can change user	4	change_user
15	Can delete user	4	delete_user
16	Can view user	4	view_user
17	Can add content type	5	add_contenttype
18	Can change content type	5	change_contenttype
19	Can delete content type	5	delete_contenttype
20	Can view content type	5	view_contenttype
21	Can add session	6	add_session
22	Can change session	6	change_session
23	Can delete session	6	delete_session
24	Can view session	6	view_session
25	Can add customer	7	add_customer
26	Can change customer	7	change_customer
27	Can delete customer	7	delete_customer
28	Can view customer	7	view_customer
29	Can add order	8	add_order
30	Can change order	8	change_order
31	Can delete order	8	delete_order
32	Can view order	8	view_order
33	Can add product	9	add_product
34	Can change product	9	change_product
35	Can delete product	9	delete_product
36	Can view product	9	view_product
37	Can add tag	10	add_tag
38	Can change tag	10	change_tag
39	Can delete tag	10	delete_tag
40	Can view tag	10	view_tag
41	Can add task result	11	add_taskresult
42	Can change task result	11	change_taskresult
43	Can delete task result	11	delete_taskresult
44	Can view task result	11	view_taskresult
45	Can add chord counter	12	add_chordcounter
46	Can change chord counter	12	change_chordcounter
47	Can delete chord counter	12	delete_chordcounter
48	Can view chord counter	12	view_chordcounter
49	Can add group result	13	add_groupresult
50	Can change group result	13	change_groupresult
51	Can delete group result	13	delete_groupresult
52	Can view group result	13	view_groupresult
53	Can add crontab	14	add_crontabschedule
54	Can change crontab	14	change_crontabschedule
55	Can delete crontab	14	delete_crontabschedule
56	Can view crontab	14	view_crontabschedule
57	Can add interval	15	add_intervalschedule
58	Can change interval	15	change_intervalschedule
59	Can delete interval	15	delete_intervalschedule
60	Can view interval	15	view_intervalschedule
61	Can add periodic task	16	add_periodictask
62	Can change periodic task	16	change_periodictask
63	Can delete periodic task	16	delete_periodictask
64	Can view periodic task	16	view_periodictask
65	Can add periodic tasks	17	add_periodictasks
66	Can change periodic tasks	17	change_periodictasks
67	Can delete periodic tasks	17	delete_periodictasks
68	Can view periodic tasks	17	view_periodictasks
69	Can add solar event	18	add_solarschedule
70	Can change solar event	18	change_solarschedule
71	Can delete solar event	18	delete_solarschedule
72	Can view solar event	18	view_solarschedule
73	Can add clocked	19	add_clockedschedule
74	Can change clocked	19	change_clockedschedule
75	Can delete clocked	19	delete_clockedschedule
76	Can view clocked	19	view_clockedschedule
\.


--
-- Data for Name: auth_user; Type: TABLE DATA; Schema: public; Owner: awspostgres
--

COPY public.auth_user (id, password, last_login, is_superuser, username, first_name, last_name, email, is_staff, is_active, date_joined) FROM stdin;
2	pbkdf2_sha256$390000$qoTahOiUcFpqaTc0qL2jUM$pDvQFbHQN7knpuRVs1kDGIh2tQUZqJcjwqU+BInLiqY=	\N	f	test90				f	t	2023-01-16 06:59:28.096592+00
1	pbkdf2_sha256$390000$t15hk57eZkEmLv9saMi64p$XtElVjdjdlpjqb7iRy4b52rSwmXI9F+NIkLgllegI9o=	2023-01-17 13:30:55.05432+00	t	admin			admin@email.com	t	t	2023-01-16 06:56:20.319969+00
\.


--
-- Data for Name: auth_user_groups; Type: TABLE DATA; Schema: public; Owner: awspostgres
--

COPY public.auth_user_groups (id, user_id, group_id) FROM stdin;
\.


--
-- Data for Name: auth_user_user_permissions; Type: TABLE DATA; Schema: public; Owner: awspostgres
--

COPY public.auth_user_user_permissions (id, user_id, permission_id) FROM stdin;
\.


--
-- Data for Name: django_admin_log; Type: TABLE DATA; Schema: public; Owner: awspostgres
--

COPY public.django_admin_log (id, action_time, object_id, object_repr, action_flag, change_message, content_type_id, user_id) FROM stdin;
1	2023-01-16 06:59:28.494355+00	2	test90	1	[{"added": {}}]	4	1
2	2023-01-16 07:04:27.999487+00	1	John Doe	1	[{"added": {}}]	7	1
3	2023-01-16 07:04:58.343893+00	2	Peter Piper	1	[{"added": {}}]	7	1
4	2023-01-16 07:05:16.618876+00	1	Sports	1	[{"added": {}}]	10	1
5	2023-01-16 07:05:22.292344+00	2	Summer	1	[{"added": {}}]	10	1
6	2023-01-16 07:05:34.507468+00	3	Kitchen	1	[{"added": {}}]	10	1
7	2023-01-16 07:06:51.485174+00	1	BBQ Grill	1	[{"added": {}}]	9	1
8	2023-01-16 07:07:52.826829+00	2	Ball	1	[{"added": {}}]	9	1
9	2023-01-16 07:08:14.764474+00	3	Dishes	1	[{"added": {}}]	9	1
10	2023-01-16 07:08:36.768784+00	1	Order object (1)	1	[{"added": {}}]	8	1
11	2023-01-16 07:08:46.642795+00	2	Order object (2)	1	[{"added": {}}]	8	1
12	2023-01-16 07:09:06.11742+00	3	Order object (3)	1	[{"added": {}}]	8	1
13	2023-01-16 07:24:22.174374+00	4	Order object (4)	1	[{"added": {}}]	8	1
\.


--
-- Data for Name: django_celery_beat_clockedschedule; Type: TABLE DATA; Schema: public; Owner: awspostgres
--

COPY public.django_celery_beat_clockedschedule (id, clocked_time) FROM stdin;
\.


--
-- Data for Name: django_celery_beat_crontabschedule; Type: TABLE DATA; Schema: public; Owner: awspostgres
--

COPY public.django_celery_beat_crontabschedule (id, minute, hour, day_of_week, day_of_month, month_of_year, timezone) FROM stdin;
\.


--
-- Data for Name: django_celery_beat_intervalschedule; Type: TABLE DATA; Schema: public; Owner: awspostgres
--

COPY public.django_celery_beat_intervalschedule (id, every, period) FROM stdin;
\.


--
-- Data for Name: django_celery_beat_periodictask; Type: TABLE DATA; Schema: public; Owner: awspostgres
--

COPY public.django_celery_beat_periodictask (id, name, task, args, kwargs, queue, exchange, routing_key, expires, enabled, last_run_at, total_run_count, date_changed, description, crontab_id, interval_id, solar_id, one_off, start_time, priority, headers, clocked_id, expire_seconds) FROM stdin;
\.


--
-- Data for Name: django_celery_beat_periodictasks; Type: TABLE DATA; Schema: public; Owner: awspostgres
--

COPY public.django_celery_beat_periodictasks (ident, last_update) FROM stdin;
\.


--
-- Data for Name: django_celery_beat_solarschedule; Type: TABLE DATA; Schema: public; Owner: awspostgres
--

COPY public.django_celery_beat_solarschedule (id, event, latitude, longitude) FROM stdin;
\.


--
-- Data for Name: django_celery_results_chordcounter; Type: TABLE DATA; Schema: public; Owner: awspostgres
--

COPY public.django_celery_results_chordcounter (id, group_id, sub_tasks, count) FROM stdin;
\.


--
-- Data for Name: django_celery_results_groupresult; Type: TABLE DATA; Schema: public; Owner: awspostgres
--

COPY public.django_celery_results_groupresult (id, group_id, date_created, date_done, content_type, content_encoding, result) FROM stdin;
\.


--
-- Data for Name: django_celery_results_taskresult; Type: TABLE DATA; Schema: public; Owner: awspostgres
--

COPY public.django_celery_results_taskresult (id, task_id, status, content_type, content_encoding, result, date_done, traceback, meta, task_args, task_kwargs, task_name, worker, date_created, periodic_task_name) FROM stdin;
\.


--
-- Data for Name: django_content_type; Type: TABLE DATA; Schema: public; Owner: awspostgres
--

COPY public.django_content_type (id, app_label, model) FROM stdin;
1	admin	logentry
2	auth	permission
3	auth	group
4	auth	user
5	contenttypes	contenttype
6	sessions	session
7	accounts	customer
8	accounts	order
9	accounts	product
10	accounts	tag
11	django_celery_results	taskresult
12	django_celery_results	chordcounter
13	django_celery_results	groupresult
14	django_celery_beat	crontabschedule
15	django_celery_beat	intervalschedule
16	django_celery_beat	periodictask
17	django_celery_beat	periodictasks
18	django_celery_beat	solarschedule
19	django_celery_beat	clockedschedule
\.


--
-- Data for Name: django_migrations; Type: TABLE DATA; Schema: public; Owner: awspostgres
--

COPY public.django_migrations (id, app, name, applied) FROM stdin;
1	accounts	0001_initial	2023-01-16 06:37:51.344547+00
2	accounts	0002_order_product	2023-01-16 06:37:51.839576+00
3	accounts	0003_auto_20230111_0717	2023-01-16 06:37:52.572929+00
4	accounts	0004_auto_20230111_0719	2023-01-16 06:37:53.463101+00
5	accounts	0005_auto_20230111_0720	2023-01-16 06:37:54.354431+00
6	accounts	0006_alter_product_description	2023-01-16 06:37:54.593699+00
7	contenttypes	0001_initial	2023-01-16 06:37:55.073179+00
8	auth	0001_initial	2023-01-16 06:37:57.940196+00
9	admin	0001_initial	2023-01-16 06:37:58.670428+00
10	admin	0002_logentry_remove_auto_add	2023-01-16 06:37:58.916205+00
11	admin	0003_logentry_add_action_flag_choices	2023-01-16 06:37:59.236576+00
12	contenttypes	0002_remove_content_type_name	2023-01-16 06:37:59.728929+00
13	auth	0002_alter_permission_name_max_length	2023-01-16 06:38:00.175947+00
14	auth	0003_alter_user_email_max_length	2023-01-16 06:38:00.67757+00
15	auth	0004_alter_user_username_opts	2023-01-16 06:38:00.996125+00
16	auth	0005_alter_user_last_login_null	2023-01-16 06:38:01.408036+00
17	auth	0006_require_contenttypes_0002	2023-01-16 06:38:01.726778+00
18	auth	0007_alter_validators_add_error_messages	2023-01-16 06:38:02.053957+00
19	auth	0008_alter_user_username_max_length	2023-01-16 06:38:02.453453+00
20	auth	0009_alter_user_last_name_max_length	2023-01-16 06:38:02.852857+00
21	auth	0010_alter_group_name_max_length	2023-01-16 06:38:03.252007+00
22	auth	0011_update_proxy_permissions	2023-01-16 06:38:03.576627+00
23	auth	0012_alter_user_first_name_max_length	2023-01-16 06:38:03.97554+00
24	django_celery_beat	0001_initial	2023-01-16 06:38:05.142075+00
25	django_celery_beat	0002_auto_20161118_0346	2023-01-16 06:38:05.706654+00
26	django_celery_beat	0003_auto_20161209_0049	2023-01-16 06:38:06.031867+00
27	django_celery_beat	0004_auto_20170221_0000	2023-01-16 06:38:06.351735+00
28	django_celery_beat	0005_add_solarschedule_events_choices	2023-01-16 06:38:06.670901+00
29	django_celery_beat	0006_auto_20180322_0932	2023-01-16 06:38:07.403529+00
30	django_celery_beat	0007_auto_20180521_0826	2023-01-16 06:38:07.962473+00
31	django_celery_beat	0008_auto_20180914_1922	2023-01-16 06:38:08.292058+00
32	django_celery_beat	0006_auto_20180210_1226	2023-01-16 06:38:08.617403+00
33	django_celery_beat	0006_periodictask_priority	2023-01-16 06:38:09.022407+00
34	django_celery_beat	0009_periodictask_headers	2023-01-16 06:38:09.506071+00
35	django_celery_beat	0010_auto_20190429_0326	2023-01-16 06:38:09.945014+00
36	django_celery_beat	0011_auto_20190508_0153	2023-01-16 06:38:10.587963+00
37	django_celery_beat	0012_periodictask_expire_seconds	2023-01-16 06:38:10.909919+00
38	django_celery_beat	0013_auto_20200609_0727	2023-01-16 06:38:11.226535+00
39	django_celery_beat	0014_remove_clockedschedule_enabled	2023-01-16 06:38:11.621676+00
40	django_celery_beat	0015_edit_solarschedule_events_choices	2023-01-16 06:38:11.93694+00
41	django_celery_beat	0016_alter_crontabschedule_timezone	2023-01-16 06:38:12.262082+00
42	django_celery_results	0001_initial	2023-01-16 06:38:12.910346+00
43	django_celery_results	0002_add_task_name_args_kwargs	2023-01-16 06:38:13.385001+00
44	django_celery_results	0003_auto_20181106_1101	2023-01-16 06:38:13.700739+00
45	django_celery_results	0004_auto_20190516_0412	2023-01-16 06:38:14.44027+00
46	django_celery_results	0005_taskresult_worker	2023-01-16 06:38:15.106468+00
47	django_celery_results	0006_taskresult_date_created	2023-01-16 06:38:15.753469+00
48	django_celery_results	0007_remove_taskresult_hidden	2023-01-16 06:38:16.078762+00
49	django_celery_results	0008_chordcounter	2023-01-16 06:38:16.644017+00
50	django_celery_results	0009_groupresult	2023-01-16 06:38:19.175473+00
51	django_celery_results	0010_remove_duplicate_indices	2023-01-16 06:38:19.772523+00
52	django_celery_results	0011_taskresult_periodic_task_name	2023-01-16 06:38:20.168704+00
53	sessions	0001_initial	2023-01-16 06:38:20.811981+00
\.


--
-- Data for Name: django_session; Type: TABLE DATA; Schema: public; Owner: awspostgres
--

COPY public.django_session (session_key, session_data, expire_date) FROM stdin;
ijjqe0iuvhdriqgmytbdx9mwz8354gm2	.eJxVjMsOwiAURP-FtSG8Hy7d9xvIhQtSNZCUdmX8d9ukC13OnDPzJgG2tYZt5CXMSK6Ek8tvFyE9czsAPqDdO029rcsc6aHQkw46dcyv2-n-HVQYdV9bUQzqxJQWHrUUoBiTMvtYHAIKmww3mJPx3krHfTKFY3HK7QFZxEI-X9FuN7U:1pHJPz:9ln471aQBotStZ1l6ajXm6AjPP6mUfRFis1v6oYDViw	2023-01-30 06:56:31.272511+00
5libqjellkqj3kuz8sx56jgap889fezx	.eJxVjMsOwiAURP-FtSG8Hy7d9xvIhQtSNZCUdmX8d9ukC13OnDPzJgG2tYZt5CXMSK6Ek8tvFyE9czsAPqDdO029rcsc6aHQkw46dcyv2-n-HVQYdV9bUQzqxJQWHrUUoBiTMvtYHAIKmww3mJPx3krHfTKFY3HK7QFZxEI-X9FuN7U:1pHm3D:roaPdNb6W_ubOaW_b47Gx_zcvNmAbdmf31vTv8mhqEU	2023-01-31 13:30:55.157296+00
\.


--
-- Name: accounts_customer_id_seq; Type: SEQUENCE SET; Schema: public; Owner: awspostgres
--

SELECT pg_catalog.setval('public.accounts_customer_id_seq', 2, true);


--
-- Name: accounts_order_id_seq; Type: SEQUENCE SET; Schema: public; Owner: awspostgres
--

SELECT pg_catalog.setval('public.accounts_order_id_seq', 4, true);


--
-- Name: accounts_product_id_seq; Type: SEQUENCE SET; Schema: public; Owner: awspostgres
--

SELECT pg_catalog.setval('public.accounts_product_id_seq', 3, true);


--
-- Name: accounts_product_tags_id_seq; Type: SEQUENCE SET; Schema: public; Owner: awspostgres
--

SELECT pg_catalog.setval('public.accounts_product_tags_id_seq', 5, true);


--
-- Name: accounts_tag_id_seq; Type: SEQUENCE SET; Schema: public; Owner: awspostgres
--

SELECT pg_catalog.setval('public.accounts_tag_id_seq', 3, true);


--
-- Name: auth_group_id_seq; Type: SEQUENCE SET; Schema: public; Owner: awspostgres
--

SELECT pg_catalog.setval('public.auth_group_id_seq', 1, false);


--
-- Name: auth_group_permissions_id_seq; Type: SEQUENCE SET; Schema: public; Owner: awspostgres
--

SELECT pg_catalog.setval('public.auth_group_permissions_id_seq', 1, false);


--
-- Name: auth_permission_id_seq; Type: SEQUENCE SET; Schema: public; Owner: awspostgres
--

SELECT pg_catalog.setval('public.auth_permission_id_seq', 76, true);


--
-- Name: auth_user_groups_id_seq; Type: SEQUENCE SET; Schema: public; Owner: awspostgres
--

SELECT pg_catalog.setval('public.auth_user_groups_id_seq', 1, false);


--
-- Name: auth_user_id_seq; Type: SEQUENCE SET; Schema: public; Owner: awspostgres
--

SELECT pg_catalog.setval('public.auth_user_id_seq', 2, true);


--
-- Name: auth_user_user_permissions_id_seq; Type: SEQUENCE SET; Schema: public; Owner: awspostgres
--

SELECT pg_catalog.setval('public.auth_user_user_permissions_id_seq', 1, false);


--
-- Name: django_admin_log_id_seq; Type: SEQUENCE SET; Schema: public; Owner: awspostgres
--

SELECT pg_catalog.setval('public.django_admin_log_id_seq', 13, true);


--
-- Name: django_celery_beat_clockedschedule_id_seq; Type: SEQUENCE SET; Schema: public; Owner: awspostgres
--

SELECT pg_catalog.setval('public.django_celery_beat_clockedschedule_id_seq', 1, false);


--
-- Name: django_celery_beat_crontabschedule_id_seq; Type: SEQUENCE SET; Schema: public; Owner: awspostgres
--

SELECT pg_catalog.setval('public.django_celery_beat_crontabschedule_id_seq', 1, false);


--
-- Name: django_celery_beat_intervalschedule_id_seq; Type: SEQUENCE SET; Schema: public; Owner: awspostgres
--

SELECT pg_catalog.setval('public.django_celery_beat_intervalschedule_id_seq', 1, false);


--
-- Name: django_celery_beat_periodictask_id_seq; Type: SEQUENCE SET; Schema: public; Owner: awspostgres
--

SELECT pg_catalog.setval('public.django_celery_beat_periodictask_id_seq', 1, false);


--
-- Name: django_celery_beat_solarschedule_id_seq; Type: SEQUENCE SET; Schema: public; Owner: awspostgres
--

SELECT pg_catalog.setval('public.django_celery_beat_solarschedule_id_seq', 1, false);


--
-- Name: django_celery_results_chordcounter_id_seq; Type: SEQUENCE SET; Schema: public; Owner: awspostgres
--

SELECT pg_catalog.setval('public.django_celery_results_chordcounter_id_seq', 1, false);


--
-- Name: django_celery_results_groupresult_id_seq; Type: SEQUENCE SET; Schema: public; Owner: awspostgres
--

SELECT pg_catalog.setval('public.django_celery_results_groupresult_id_seq', 1, false);


--
-- Name: django_celery_results_taskresult_id_seq; Type: SEQUENCE SET; Schema: public; Owner: awspostgres
--

SELECT pg_catalog.setval('public.django_celery_results_taskresult_id_seq', 1, false);


--
-- Name: django_content_type_id_seq; Type: SEQUENCE SET; Schema: public; Owner: awspostgres
--

SELECT pg_catalog.setval('public.django_content_type_id_seq', 19, true);


--
-- Name: django_migrations_id_seq; Type: SEQUENCE SET; Schema: public; Owner: awspostgres
--

SELECT pg_catalog.setval('public.django_migrations_id_seq', 53, true);


--
-- Name: accounts_customer accounts_customer_pkey; Type: CONSTRAINT; Schema: public; Owner: awspostgres
--

ALTER TABLE ONLY public.accounts_customer
    ADD CONSTRAINT accounts_customer_pkey PRIMARY KEY (id);


--
-- Name: accounts_order accounts_order_pkey; Type: CONSTRAINT; Schema: public; Owner: awspostgres
--

ALTER TABLE ONLY public.accounts_order
    ADD CONSTRAINT accounts_order_pkey PRIMARY KEY (id);


--
-- Name: accounts_product accounts_product_pkey; Type: CONSTRAINT; Schema: public; Owner: awspostgres
--

ALTER TABLE ONLY public.accounts_product
    ADD CONSTRAINT accounts_product_pkey PRIMARY KEY (id);


--
-- Name: accounts_product_tags accounts_product_tags_pkey; Type: CONSTRAINT; Schema: public; Owner: awspostgres
--

ALTER TABLE ONLY public.accounts_product_tags
    ADD CONSTRAINT accounts_product_tags_pkey PRIMARY KEY (id);


--
-- Name: accounts_product_tags accounts_product_tags_product_id_tag_id_f558f1ef_uniq; Type: CONSTRAINT; Schema: public; Owner: awspostgres
--

ALTER TABLE ONLY public.accounts_product_tags
    ADD CONSTRAINT accounts_product_tags_product_id_tag_id_f558f1ef_uniq UNIQUE (product_id, tag_id);


--
-- Name: accounts_tag accounts_tag_pkey; Type: CONSTRAINT; Schema: public; Owner: awspostgres
--

ALTER TABLE ONLY public.accounts_tag
    ADD CONSTRAINT accounts_tag_pkey PRIMARY KEY (id);


--
-- Name: auth_group auth_group_name_key; Type: CONSTRAINT; Schema: public; Owner: awspostgres
--

ALTER TABLE ONLY public.auth_group
    ADD CONSTRAINT auth_group_name_key UNIQUE (name);


--
-- Name: auth_group_permissions auth_group_permissions_group_id_permission_id_0cd325b0_uniq; Type: CONSTRAINT; Schema: public; Owner: awspostgres
--

ALTER TABLE ONLY public.auth_group_permissions
    ADD CONSTRAINT auth_group_permissions_group_id_permission_id_0cd325b0_uniq UNIQUE (group_id, permission_id);


--
-- Name: auth_group_permissions auth_group_permissions_pkey; Type: CONSTRAINT; Schema: public; Owner: awspostgres
--

ALTER TABLE ONLY public.auth_group_permissions
    ADD CONSTRAINT auth_group_permissions_pkey PRIMARY KEY (id);


--
-- Name: auth_group auth_group_pkey; Type: CONSTRAINT; Schema: public; Owner: awspostgres
--

ALTER TABLE ONLY public.auth_group
    ADD CONSTRAINT auth_group_pkey PRIMARY KEY (id);


--
-- Name: auth_permission auth_permission_content_type_id_codename_01ab375a_uniq; Type: CONSTRAINT; Schema: public; Owner: awspostgres
--

ALTER TABLE ONLY public.auth_permission
    ADD CONSTRAINT auth_permission_content_type_id_codename_01ab375a_uniq UNIQUE (content_type_id, codename);


--
-- Name: auth_permission auth_permission_pkey; Type: CONSTRAINT; Schema: public; Owner: awspostgres
--

ALTER TABLE ONLY public.auth_permission
    ADD CONSTRAINT auth_permission_pkey PRIMARY KEY (id);


--
-- Name: auth_user_groups auth_user_groups_pkey; Type: CONSTRAINT; Schema: public; Owner: awspostgres
--

ALTER TABLE ONLY public.auth_user_groups
    ADD CONSTRAINT auth_user_groups_pkey PRIMARY KEY (id);


--
-- Name: auth_user_groups auth_user_groups_user_id_group_id_94350c0c_uniq; Type: CONSTRAINT; Schema: public; Owner: awspostgres
--

ALTER TABLE ONLY public.auth_user_groups
    ADD CONSTRAINT auth_user_groups_user_id_group_id_94350c0c_uniq UNIQUE (user_id, group_id);


--
-- Name: auth_user auth_user_pkey; Type: CONSTRAINT; Schema: public; Owner: awspostgres
--

ALTER TABLE ONLY public.auth_user
    ADD CONSTRAINT auth_user_pkey PRIMARY KEY (id);


--
-- Name: auth_user_user_permissions auth_user_user_permissions_pkey; Type: CONSTRAINT; Schema: public; Owner: awspostgres
--

ALTER TABLE ONLY public.auth_user_user_permissions
    ADD CONSTRAINT auth_user_user_permissions_pkey PRIMARY KEY (id);


--
-- Name: auth_user_user_permissions auth_user_user_permissions_user_id_permission_id_14a6b632_uniq; Type: CONSTRAINT; Schema: public; Owner: awspostgres
--

ALTER TABLE ONLY public.auth_user_user_permissions
    ADD CONSTRAINT auth_user_user_permissions_user_id_permission_id_14a6b632_uniq UNIQUE (user_id, permission_id);


--
-- Name: auth_user auth_user_username_key; Type: CONSTRAINT; Schema: public; Owner: awspostgres
--

ALTER TABLE ONLY public.auth_user
    ADD CONSTRAINT auth_user_username_key UNIQUE (username);


--
-- Name: django_admin_log django_admin_log_pkey; Type: CONSTRAINT; Schema: public; Owner: awspostgres
--

ALTER TABLE ONLY public.django_admin_log
    ADD CONSTRAINT django_admin_log_pkey PRIMARY KEY (id);


--
-- Name: django_celery_beat_clockedschedule django_celery_beat_clockedschedule_pkey; Type: CONSTRAINT; Schema: public; Owner: awspostgres
--

ALTER TABLE ONLY public.django_celery_beat_clockedschedule
    ADD CONSTRAINT django_celery_beat_clockedschedule_pkey PRIMARY KEY (id);


--
-- Name: django_celery_beat_crontabschedule django_celery_beat_crontabschedule_pkey; Type: CONSTRAINT; Schema: public; Owner: awspostgres
--

ALTER TABLE ONLY public.django_celery_beat_crontabschedule
    ADD CONSTRAINT django_celery_beat_crontabschedule_pkey PRIMARY KEY (id);


--
-- Name: django_celery_beat_intervalschedule django_celery_beat_intervalschedule_pkey; Type: CONSTRAINT; Schema: public; Owner: awspostgres
--

ALTER TABLE ONLY public.django_celery_beat_intervalschedule
    ADD CONSTRAINT django_celery_beat_intervalschedule_pkey PRIMARY KEY (id);


--
-- Name: django_celery_beat_periodictask django_celery_beat_periodictask_name_key; Type: CONSTRAINT; Schema: public; Owner: awspostgres
--

ALTER TABLE ONLY public.django_celery_beat_periodictask
    ADD CONSTRAINT django_celery_beat_periodictask_name_key UNIQUE (name);


--
-- Name: django_celery_beat_periodictask django_celery_beat_periodictask_pkey; Type: CONSTRAINT; Schema: public; Owner: awspostgres
--

ALTER TABLE ONLY public.django_celery_beat_periodictask
    ADD CONSTRAINT django_celery_beat_periodictask_pkey PRIMARY KEY (id);


--
-- Name: django_celery_beat_periodictasks django_celery_beat_periodictasks_pkey; Type: CONSTRAINT; Schema: public; Owner: awspostgres
--

ALTER TABLE ONLY public.django_celery_beat_periodictasks
    ADD CONSTRAINT django_celery_beat_periodictasks_pkey PRIMARY KEY (ident);


--
-- Name: django_celery_beat_solarschedule django_celery_beat_solar_event_latitude_longitude_ba64999a_uniq; Type: CONSTRAINT; Schema: public; Owner: awspostgres
--

ALTER TABLE ONLY public.django_celery_beat_solarschedule
    ADD CONSTRAINT django_celery_beat_solar_event_latitude_longitude_ba64999a_uniq UNIQUE (event, latitude, longitude);


--
-- Name: django_celery_beat_solarschedule django_celery_beat_solarschedule_pkey; Type: CONSTRAINT; Schema: public; Owner: awspostgres
--

ALTER TABLE ONLY public.django_celery_beat_solarschedule
    ADD CONSTRAINT django_celery_beat_solarschedule_pkey PRIMARY KEY (id);


--
-- Name: django_celery_results_chordcounter django_celery_results_chordcounter_group_id_key; Type: CONSTRAINT; Schema: public; Owner: awspostgres
--

ALTER TABLE ONLY public.django_celery_results_chordcounter
    ADD CONSTRAINT django_celery_results_chordcounter_group_id_key UNIQUE (group_id);


--
-- Name: django_celery_results_chordcounter django_celery_results_chordcounter_pkey; Type: CONSTRAINT; Schema: public; Owner: awspostgres
--

ALTER TABLE ONLY public.django_celery_results_chordcounter
    ADD CONSTRAINT django_celery_results_chordcounter_pkey PRIMARY KEY (id);


--
-- Name: django_celery_results_groupresult django_celery_results_groupresult_group_id_key; Type: CONSTRAINT; Schema: public; Owner: awspostgres
--

ALTER TABLE ONLY public.django_celery_results_groupresult
    ADD CONSTRAINT django_celery_results_groupresult_group_id_key UNIQUE (group_id);


--
-- Name: django_celery_results_groupresult django_celery_results_groupresult_pkey; Type: CONSTRAINT; Schema: public; Owner: awspostgres
--

ALTER TABLE ONLY public.django_celery_results_groupresult
    ADD CONSTRAINT django_celery_results_groupresult_pkey PRIMARY KEY (id);


--
-- Name: django_celery_results_taskresult django_celery_results_taskresult_pkey; Type: CONSTRAINT; Schema: public; Owner: awspostgres
--

ALTER TABLE ONLY public.django_celery_results_taskresult
    ADD CONSTRAINT django_celery_results_taskresult_pkey PRIMARY KEY (id);


--
-- Name: django_celery_results_taskresult django_celery_results_taskresult_task_id_key; Type: CONSTRAINT; Schema: public; Owner: awspostgres
--

ALTER TABLE ONLY public.django_celery_results_taskresult
    ADD CONSTRAINT django_celery_results_taskresult_task_id_key UNIQUE (task_id);


--
-- Name: django_content_type django_content_type_app_label_model_76bd3d3b_uniq; Type: CONSTRAINT; Schema: public; Owner: awspostgres
--

ALTER TABLE ONLY public.django_content_type
    ADD CONSTRAINT django_content_type_app_label_model_76bd3d3b_uniq UNIQUE (app_label, model);


--
-- Name: django_content_type django_content_type_pkey; Type: CONSTRAINT; Schema: public; Owner: awspostgres
--

ALTER TABLE ONLY public.django_content_type
    ADD CONSTRAINT django_content_type_pkey PRIMARY KEY (id);


--
-- Name: django_migrations django_migrations_pkey; Type: CONSTRAINT; Schema: public; Owner: awspostgres
--

ALTER TABLE ONLY public.django_migrations
    ADD CONSTRAINT django_migrations_pkey PRIMARY KEY (id);


--
-- Name: django_session django_session_pkey; Type: CONSTRAINT; Schema: public; Owner: awspostgres
--

ALTER TABLE ONLY public.django_session
    ADD CONSTRAINT django_session_pkey PRIMARY KEY (session_key);


--
-- Name: accounts_order_customer_id_23c59287; Type: INDEX; Schema: public; Owner: awspostgres
--

CREATE INDEX accounts_order_customer_id_23c59287 ON public.accounts_order USING btree (customer_id);


--
-- Name: accounts_order_product_id_83d789e2; Type: INDEX; Schema: public; Owner: awspostgres
--

CREATE INDEX accounts_order_product_id_83d789e2 ON public.accounts_order USING btree (product_id);


--
-- Name: accounts_product_tags_product_id_2d1c4b64; Type: INDEX; Schema: public; Owner: awspostgres
--

CREATE INDEX accounts_product_tags_product_id_2d1c4b64 ON public.accounts_product_tags USING btree (product_id);


--
-- Name: accounts_product_tags_tag_id_f4ba4ec3; Type: INDEX; Schema: public; Owner: awspostgres
--

CREATE INDEX accounts_product_tags_tag_id_f4ba4ec3 ON public.accounts_product_tags USING btree (tag_id);


--
-- Name: auth_group_name_a6ea08ec_like; Type: INDEX; Schema: public; Owner: awspostgres
--

CREATE INDEX auth_group_name_a6ea08ec_like ON public.auth_group USING btree (name varchar_pattern_ops);


--
-- Name: auth_group_permissions_group_id_b120cbf9; Type: INDEX; Schema: public; Owner: awspostgres
--

CREATE INDEX auth_group_permissions_group_id_b120cbf9 ON public.auth_group_permissions USING btree (group_id);


--
-- Name: auth_group_permissions_permission_id_84c5c92e; Type: INDEX; Schema: public; Owner: awspostgres
--

CREATE INDEX auth_group_permissions_permission_id_84c5c92e ON public.auth_group_permissions USING btree (permission_id);


--
-- Name: auth_permission_content_type_id_2f476e4b; Type: INDEX; Schema: public; Owner: awspostgres
--

CREATE INDEX auth_permission_content_type_id_2f476e4b ON public.auth_permission USING btree (content_type_id);


--
-- Name: auth_user_groups_group_id_97559544; Type: INDEX; Schema: public; Owner: awspostgres
--

CREATE INDEX auth_user_groups_group_id_97559544 ON public.auth_user_groups USING btree (group_id);


--
-- Name: auth_user_groups_user_id_6a12ed8b; Type: INDEX; Schema: public; Owner: awspostgres
--

CREATE INDEX auth_user_groups_user_id_6a12ed8b ON public.auth_user_groups USING btree (user_id);


--
-- Name: auth_user_user_permissions_permission_id_1fbb5f2c; Type: INDEX; Schema: public; Owner: awspostgres
--

CREATE INDEX auth_user_user_permissions_permission_id_1fbb5f2c ON public.auth_user_user_permissions USING btree (permission_id);


--
-- Name: auth_user_user_permissions_user_id_a95ead1b; Type: INDEX; Schema: public; Owner: awspostgres
--

CREATE INDEX auth_user_user_permissions_user_id_a95ead1b ON public.auth_user_user_permissions USING btree (user_id);


--
-- Name: auth_user_username_6821ab7c_like; Type: INDEX; Schema: public; Owner: awspostgres
--

CREATE INDEX auth_user_username_6821ab7c_like ON public.auth_user USING btree (username varchar_pattern_ops);


--
-- Name: django_admin_log_content_type_id_c4bce8eb; Type: INDEX; Schema: public; Owner: awspostgres
--

CREATE INDEX django_admin_log_content_type_id_c4bce8eb ON public.django_admin_log USING btree (content_type_id);


--
-- Name: django_admin_log_user_id_c564eba6; Type: INDEX; Schema: public; Owner: awspostgres
--

CREATE INDEX django_admin_log_user_id_c564eba6 ON public.django_admin_log USING btree (user_id);


--
-- Name: django_cele_date_cr_bd6c1d_idx; Type: INDEX; Schema: public; Owner: awspostgres
--

CREATE INDEX django_cele_date_cr_bd6c1d_idx ON public.django_celery_results_groupresult USING btree (date_created);


--
-- Name: django_cele_date_cr_f04a50_idx; Type: INDEX; Schema: public; Owner: awspostgres
--

CREATE INDEX django_cele_date_cr_f04a50_idx ON public.django_celery_results_taskresult USING btree (date_created);


--
-- Name: django_cele_date_do_caae0e_idx; Type: INDEX; Schema: public; Owner: awspostgres
--

CREATE INDEX django_cele_date_do_caae0e_idx ON public.django_celery_results_groupresult USING btree (date_done);


--
-- Name: django_cele_date_do_f59aad_idx; Type: INDEX; Schema: public; Owner: awspostgres
--

CREATE INDEX django_cele_date_do_f59aad_idx ON public.django_celery_results_taskresult USING btree (date_done);


--
-- Name: django_cele_status_9b6201_idx; Type: INDEX; Schema: public; Owner: awspostgres
--

CREATE INDEX django_cele_status_9b6201_idx ON public.django_celery_results_taskresult USING btree (status);


--
-- Name: django_cele_task_na_08aec9_idx; Type: INDEX; Schema: public; Owner: awspostgres
--

CREATE INDEX django_cele_task_na_08aec9_idx ON public.django_celery_results_taskresult USING btree (task_name);


--
-- Name: django_cele_worker_d54dd8_idx; Type: INDEX; Schema: public; Owner: awspostgres
--

CREATE INDEX django_cele_worker_d54dd8_idx ON public.django_celery_results_taskresult USING btree (worker);


--
-- Name: django_celery_beat_periodictask_clocked_id_47a69f82; Type: INDEX; Schema: public; Owner: awspostgres
--

CREATE INDEX django_celery_beat_periodictask_clocked_id_47a69f82 ON public.django_celery_beat_periodictask USING btree (clocked_id);


--
-- Name: django_celery_beat_periodictask_crontab_id_d3cba168; Type: INDEX; Schema: public; Owner: awspostgres
--

CREATE INDEX django_celery_beat_periodictask_crontab_id_d3cba168 ON public.django_celery_beat_periodictask USING btree (crontab_id);


--
-- Name: django_celery_beat_periodictask_interval_id_a8ca27da; Type: INDEX; Schema: public; Owner: awspostgres
--

CREATE INDEX django_celery_beat_periodictask_interval_id_a8ca27da ON public.django_celery_beat_periodictask USING btree (interval_id);


--
-- Name: django_celery_beat_periodictask_name_265a36b7_like; Type: INDEX; Schema: public; Owner: awspostgres
--

CREATE INDEX django_celery_beat_periodictask_name_265a36b7_like ON public.django_celery_beat_periodictask USING btree (name varchar_pattern_ops);


--
-- Name: django_celery_beat_periodictask_solar_id_a87ce72c; Type: INDEX; Schema: public; Owner: awspostgres
--

CREATE INDEX django_celery_beat_periodictask_solar_id_a87ce72c ON public.django_celery_beat_periodictask USING btree (solar_id);


--
-- Name: django_celery_results_chordcounter_group_id_1f70858c_like; Type: INDEX; Schema: public; Owner: awspostgres
--

CREATE INDEX django_celery_results_chordcounter_group_id_1f70858c_like ON public.django_celery_results_chordcounter USING btree (group_id varchar_pattern_ops);


--
-- Name: django_celery_results_groupresult_group_id_a085f1a9_like; Type: INDEX; Schema: public; Owner: awspostgres
--

CREATE INDEX django_celery_results_groupresult_group_id_a085f1a9_like ON public.django_celery_results_groupresult USING btree (group_id varchar_pattern_ops);


--
-- Name: django_celery_results_taskresult_task_id_de0d95bf_like; Type: INDEX; Schema: public; Owner: awspostgres
--

CREATE INDEX django_celery_results_taskresult_task_id_de0d95bf_like ON public.django_celery_results_taskresult USING btree (task_id varchar_pattern_ops);


--
-- Name: django_session_expire_date_a5c62663; Type: INDEX; Schema: public; Owner: awspostgres
--

CREATE INDEX django_session_expire_date_a5c62663 ON public.django_session USING btree (expire_date);


--
-- Name: django_session_session_key_c0390e0f_like; Type: INDEX; Schema: public; Owner: awspostgres
--

CREATE INDEX django_session_session_key_c0390e0f_like ON public.django_session USING btree (session_key varchar_pattern_ops);


--
-- Name: accounts_order accounts_order_customer_id_23c59287_fk_accounts_customer_id; Type: FK CONSTRAINT; Schema: public; Owner: awspostgres
--

ALTER TABLE ONLY public.accounts_order
    ADD CONSTRAINT accounts_order_customer_id_23c59287_fk_accounts_customer_id FOREIGN KEY (customer_id) REFERENCES public.accounts_customer(id) DEFERRABLE INITIALLY DEFERRED;


--
-- Name: accounts_order accounts_order_product_id_83d789e2_fk_accounts_product_id; Type: FK CONSTRAINT; Schema: public; Owner: awspostgres
--

ALTER TABLE ONLY public.accounts_order
    ADD CONSTRAINT accounts_order_product_id_83d789e2_fk_accounts_product_id FOREIGN KEY (product_id) REFERENCES public.accounts_product(id) DEFERRABLE INITIALLY DEFERRED;


--
-- Name: accounts_product_tags accounts_product_tag_product_id_2d1c4b64_fk_accounts_; Type: FK CONSTRAINT; Schema: public; Owner: awspostgres
--

ALTER TABLE ONLY public.accounts_product_tags
    ADD CONSTRAINT accounts_product_tag_product_id_2d1c4b64_fk_accounts_ FOREIGN KEY (product_id) REFERENCES public.accounts_product(id) DEFERRABLE INITIALLY DEFERRED;


--
-- Name: accounts_product_tags accounts_product_tags_tag_id_f4ba4ec3_fk_accounts_tag_id; Type: FK CONSTRAINT; Schema: public; Owner: awspostgres
--

ALTER TABLE ONLY public.accounts_product_tags
    ADD CONSTRAINT accounts_product_tags_tag_id_f4ba4ec3_fk_accounts_tag_id FOREIGN KEY (tag_id) REFERENCES public.accounts_tag(id) DEFERRABLE INITIALLY DEFERRED;


--
-- Name: auth_group_permissions auth_group_permissio_permission_id_84c5c92e_fk_auth_perm; Type: FK CONSTRAINT; Schema: public; Owner: awspostgres
--

ALTER TABLE ONLY public.auth_group_permissions
    ADD CONSTRAINT auth_group_permissio_permission_id_84c5c92e_fk_auth_perm FOREIGN KEY (permission_id) REFERENCES public.auth_permission(id) DEFERRABLE INITIALLY DEFERRED;


--
-- Name: auth_group_permissions auth_group_permissions_group_id_b120cbf9_fk_auth_group_id; Type: FK CONSTRAINT; Schema: public; Owner: awspostgres
--

ALTER TABLE ONLY public.auth_group_permissions
    ADD CONSTRAINT auth_group_permissions_group_id_b120cbf9_fk_auth_group_id FOREIGN KEY (group_id) REFERENCES public.auth_group(id) DEFERRABLE INITIALLY DEFERRED;


--
-- Name: auth_permission auth_permission_content_type_id_2f476e4b_fk_django_co; Type: FK CONSTRAINT; Schema: public; Owner: awspostgres
--

ALTER TABLE ONLY public.auth_permission
    ADD CONSTRAINT auth_permission_content_type_id_2f476e4b_fk_django_co FOREIGN KEY (content_type_id) REFERENCES public.django_content_type(id) DEFERRABLE INITIALLY DEFERRED;


--
-- Name: auth_user_groups auth_user_groups_group_id_97559544_fk_auth_group_id; Type: FK CONSTRAINT; Schema: public; Owner: awspostgres
--

ALTER TABLE ONLY public.auth_user_groups
    ADD CONSTRAINT auth_user_groups_group_id_97559544_fk_auth_group_id FOREIGN KEY (group_id) REFERENCES public.auth_group(id) DEFERRABLE INITIALLY DEFERRED;


--
-- Name: auth_user_groups auth_user_groups_user_id_6a12ed8b_fk_auth_user_id; Type: FK CONSTRAINT; Schema: public; Owner: awspostgres
--

ALTER TABLE ONLY public.auth_user_groups
    ADD CONSTRAINT auth_user_groups_user_id_6a12ed8b_fk_auth_user_id FOREIGN KEY (user_id) REFERENCES public.auth_user(id) DEFERRABLE INITIALLY DEFERRED;


--
-- Name: auth_user_user_permissions auth_user_user_permi_permission_id_1fbb5f2c_fk_auth_perm; Type: FK CONSTRAINT; Schema: public; Owner: awspostgres
--

ALTER TABLE ONLY public.auth_user_user_permissions
    ADD CONSTRAINT auth_user_user_permi_permission_id_1fbb5f2c_fk_auth_perm FOREIGN KEY (permission_id) REFERENCES public.auth_permission(id) DEFERRABLE INITIALLY DEFERRED;


--
-- Name: auth_user_user_permissions auth_user_user_permissions_user_id_a95ead1b_fk_auth_user_id; Type: FK CONSTRAINT; Schema: public; Owner: awspostgres
--

ALTER TABLE ONLY public.auth_user_user_permissions
    ADD CONSTRAINT auth_user_user_permissions_user_id_a95ead1b_fk_auth_user_id FOREIGN KEY (user_id) REFERENCES public.auth_user(id) DEFERRABLE INITIALLY DEFERRED;


--
-- Name: django_admin_log django_admin_log_content_type_id_c4bce8eb_fk_django_co; Type: FK CONSTRAINT; Schema: public; Owner: awspostgres
--

ALTER TABLE ONLY public.django_admin_log
    ADD CONSTRAINT django_admin_log_content_type_id_c4bce8eb_fk_django_co FOREIGN KEY (content_type_id) REFERENCES public.django_content_type(id) DEFERRABLE INITIALLY DEFERRED;


--
-- Name: django_admin_log django_admin_log_user_id_c564eba6_fk_auth_user_id; Type: FK CONSTRAINT; Schema: public; Owner: awspostgres
--

ALTER TABLE ONLY public.django_admin_log
    ADD CONSTRAINT django_admin_log_user_id_c564eba6_fk_auth_user_id FOREIGN KEY (user_id) REFERENCES public.auth_user(id) DEFERRABLE INITIALLY DEFERRED;


--
-- Name: django_celery_beat_periodictask django_celery_beat_p_clocked_id_47a69f82_fk_django_ce; Type: FK CONSTRAINT; Schema: public; Owner: awspostgres
--

ALTER TABLE ONLY public.django_celery_beat_periodictask
    ADD CONSTRAINT django_celery_beat_p_clocked_id_47a69f82_fk_django_ce FOREIGN KEY (clocked_id) REFERENCES public.django_celery_beat_clockedschedule(id) DEFERRABLE INITIALLY DEFERRED;


--
-- Name: django_celery_beat_periodictask django_celery_beat_p_crontab_id_d3cba168_fk_django_ce; Type: FK CONSTRAINT; Schema: public; Owner: awspostgres
--

ALTER TABLE ONLY public.django_celery_beat_periodictask
    ADD CONSTRAINT django_celery_beat_p_crontab_id_d3cba168_fk_django_ce FOREIGN KEY (crontab_id) REFERENCES public.django_celery_beat_crontabschedule(id) DEFERRABLE INITIALLY DEFERRED;


--
-- Name: django_celery_beat_periodictask django_celery_beat_p_interval_id_a8ca27da_fk_django_ce; Type: FK CONSTRAINT; Schema: public; Owner: awspostgres
--

ALTER TABLE ONLY public.django_celery_beat_periodictask
    ADD CONSTRAINT django_celery_beat_p_interval_id_a8ca27da_fk_django_ce FOREIGN KEY (interval_id) REFERENCES public.django_celery_beat_intervalschedule(id) DEFERRABLE INITIALLY DEFERRED;


--
-- Name: django_celery_beat_periodictask django_celery_beat_p_solar_id_a87ce72c_fk_django_ce; Type: FK CONSTRAINT; Schema: public; Owner: awspostgres
--

ALTER TABLE ONLY public.django_celery_beat_periodictask
    ADD CONSTRAINT django_celery_beat_p_solar_id_a87ce72c_fk_django_ce FOREIGN KEY (solar_id) REFERENCES public.django_celery_beat_solarschedule(id) DEFERRABLE INITIALLY DEFERRED;


--
-- Name: SCHEMA public; Type: ACL; Schema: -; Owner: awspostgres
--

REVOKE ALL ON SCHEMA public FROM rdsadmin;
REVOKE ALL ON SCHEMA public FROM PUBLIC;
GRANT ALL ON SCHEMA public TO awspostgres;
GRANT ALL ON SCHEMA public TO PUBLIC;


--
-- PostgreSQL database dump complete
--

